hillnumber, hillname, region, parent, classification, metres, gridref, drop, latitude, longitude,W,WO,easting,northing
2319,Skiddaw,34A,,"Ma,F,Sim,Hew, N,W,B,Sy",931,NY260290,709,54.651391,-3.147761,1,0,326042,529082
2320,Blencathra - Hallsfell Top,34A,,"Ma,Sim,Hew,N, W,B,Sy,Fel",867.8,NY323277,461,54.639949,-3.049789,1,0,332344,527710
2321,Skiddaw Little Man,34A,2319,"Sim,Hew,N,W, B,Sy,Fel",865,NY266277,61,54.639911,-3.137629,1,0,326675,527794
2325,Carl Side,34A,2319,"Sim,Hew,N,W, B,Sy,Fel",746,NY254280,30,54.642398,-3.155984,1,0,325495,528090
2326,Long Side,34A,2319,"Sim,Hew,N,W, B,Sy,Fel",734,NY248284,40,54.645505,-3.165618,1,0,324879,528446
2327,Lonscale Fell,34A,2319,"Sim,Hew,N,W, B,Sy,Fel",715,NY285271,50,54.634357,-3.108518,1,0,328544,527146
2328,Knott,34A,,"Ma,Sim,Hew,N, W,B,Sy,Fel",710,NY296329,242,54.686982,-3.093322,1,0,329616,532986
2329,Bowscale Fell,34A,2320,"Sim,Hew,N,W, B,Sy,Fel",702,NY333305,87,54.665538,-3.035037,1,0,333338,530543
2330,Ullock Pike,34A,2319,"W,B,Sy,Fel, xN",690,NY244287,14,54.64827,-3.172486,1,0,324441,528761
2331,Great Calva,34A,2328,"Hu,Sim,Hew,N, sMa,W,B,Sy",690,NY290311,142,54.670761,-3.101073,1,0,329088,531189
2332,Bannerdale Crags,34A,2320,"Sim,Hew,N,W, B,Sy,Fel",683,NY335290,37,54.65195,-3.031747,1,0,333528,529028
2333,Bakestall,34A,2319,"W,B,Sy,Fel",673,NY266308,7,54.667426,-3.139049,1,0,326633,530857
2336,Carrock Fell,34A,2328,"Sim,Hew,N,sHu, W,B,Sy,Fel",663,NY341336,91,54.693484,-3.02287,1,0,334168,533641
2337,High Pike (Caldbeck),34A,2328,"Sim,Hew,N,W, B,Sy,Fel",658,NY318350,68,54.705407,-3.058742,1,0,331876,535002
2338,Great Sca Fell,34A,2328,"W,B,Sy,Fel, xN",651,NY291339,13,54.695145,-3.100989,1,0,329136,533902
2340,Mungrisdale Common,34A,2320,"W,Sy",633,NY310292,2,54.653432,-3.070132,1,0,331054,529230
2344,Brae Fell,34A,2328,"W,B,Sy,Fel",586,NY288351,14,54.70642,-3.105361,1,0,328874,535161
2345,Lord's Seat,34A,,"Ma,5,Dew,W, B,Sy,Fel",552,NY204265,237,54.627823,-3.233984,1,0,320432,526554
2346,Meal Fell,34A,2328,"5,Dew,W,B, Sy,Fel",550,NY283337,30,54.693795,-3.113923,1,0,328300,533765
2347,Great Cockup,34A,2328,"5,Dew,sHu,W, B,Sy,Fel",526,NY273333,90,54.689677,-3.128766,1,0,327336,533322
2348,Souther Fell,34A,2320,"5,Dew,W,B, Sy,Fel",522,NY354291,87,54.653236,-3.001663,1,0,335471,529143
2349,Dodd (Skiddaw),34A,2319,"Hu,5,Dew,W, B,Sy,Fel",502,NY244273,110,54.63561,-3.172122,1,0,324441,527352
2350,Longlands Fell,34A,2328,"4,W,B,Sy, Fel",483,NY275354,37,54.708411,-3.125313,1,0,327592,535403
2351,Binsey,34A,,"Ma,4,W,B, Sy,Fel",447,NY225355,242,54.708795,-3.204188,1,0,322511,535530
2352,Latrigg,34A,2319,"3,W,B,Sy, Fel",368,NY279247,73,54.6123,-3.117565,1,0,327921,524701
2353,Faulds Brow,34A,2328,"WO,Sy",344,NY299407,26,54.7565,-3.090144,0,1,329941,540718
2354,St. John's Hill [Caermote Hill N Top],34A,2351,WO,285,NY196376,7,54.727574,-3.249918,0,1,319601,537671
2355,Watch Hill [Setmurthy Common],34A,,"Ma,2,WO",254,NY159318,157,54.674412,-3.305448,0,1,315915,531821
2356,Clints Crags (Wainwright summit),34A,2351,WO,245,NY159352,10,54.705329,-3.306286,0,1,315925,535262
2357,Dunmallet [Dunmallard Hill],34C,2598,"2,WO",240,NY467246,80,54.614076,-2.825628,0,1,346777,524638
2358,Watch Hill,34A,2355,WO,235,NY149318,3,54.674803,-3.319931,0,1,314982,531882
2359,Scafell Pike,34B,,"Ma,F,Sim,Hew, N,W,B,Sy",978.07,NY215072,912,54.454263,-3.211682,1,0,321539,507218
2360,Scafell,34B,2359,"Hu,F,Sim,Hew, N,W,B,Sy",963.9,NY206064,132.2,54.447498,-3.224731,1,0,320680,506480
2364,Great End,34B,2359,"Sim,Hew,N,W, B,Sy,Fel",909.5,NY226083,56.1,54.46494,-3.194548,1,0,322670,508387
2365,Bowfell,34B,2359,"Hu,Sim,Hew,N, sMa,W,B,Sy",902.9,NY244064,148.2,54.447834,-3.166227,1,0,324474,506453
2367,Great Gable,34B,,"Ma,Sim,Hew,N, W,B,Sy,Fel",899,NY211103,425,54.482084,-3.219296,1,0,321099,510322
2368,Pillar,34B,,"Ma,Sim,Hew,N, W,B,Sy,Fel",892,NY171121,348,54.497479,-3.281134,1,0,317124,512106
2369,Esk Pike,34B,2359,"Hu,Sim,Hew,N, W,B,Sy,Fel",885,NY236075,112,54.457172,-3.179219,1,0,323649,507506
2371,Crinkle Crags - Long Top [Second Crinkle],34B,2359,"Hu,Sim,Hew,N, W,B,Sy,Fel",859,NY248048,139,54.433704,-3.159813,1,0,324864,504874
2372,Grasmoor,34B,,"Ma,Sim,Hew,N, W,B,Sy,Fel",851.6,NY174203,518.2,54.571635,-3.277905,1,0,317483,520353
2373,Scoat Fell,34B,2368,"Sim,Hew,N,W, B,Sy,Fel",841,NY159113,86,54.490904,-3.299224,1,0,315939,511396
2374,Crag Hill [Eel Crag],34B,2372,"Hu,Sim,Hew,N, W,B,Sy,Fel",839.2,NY192203,116.7,54.571762,-3.250234,1,0,319272,520335
2378,Red Pike (Wasdale),34B,2368,"Sim,Hew,N,W, B,Sy,Fel",826,NY165106,62,54.483922,-3.289879,1,0,316530,510608
2379,Steeple,34B,2368,"N,sSim,W,B, Sy,Fel",819,NY157116,24,54.493389,-3.302174,1,0,315753,511676
2382,Lingmell,34B,2359,"Sim,Hew,N,W, B,Sy,Fel",807,NY209081,72,54.462803,-3.2213,1,0,320932,508179
2383,Kirk Fell,34B,,"Ma,Sim,Hew,N, W,B,Sy,Fel",802,NY194104,181,54.483323,-3.244123,1,0,319493,510488
2384,Green Gable,34B,2367,"Sim,Hew,N,W, B,Sy,Fel",801,NY214107,50,54.485699,-3.213769,1,0,321464,510718
2385,Haycock,34B,2368,"Sim,Hew,N,sHu, W,B,Sy,Fel",797,NY144107,94,54.484568,-3.321576,1,0,314478,510718
2386,Grisedale Pike,34B,,"Ma,Sim,Hew,N, W,B,Sy,Fel",791,NY198225,189,54.591745,-3.242071,1,0,319839,522549
2388,Allen Crags,34B,2359,"Sim,Hew,N,W, B,Sy,Fel",785,NY236085,60,54.466367,-3.179175,1,0,323669,508529
2389,Glaramara,34B,2359,"Hu,Sim,Hew,N, W,B,Sy,Fel",783,NY245104,121,54.483839,-3.165338,1,0,324598,510458
2393,Sail,34B,2372,"Sim,Hew,N,W, B,Sy,Fel",773,NY198202,32,54.571328,-3.241821,1,0,319815,520277
2394,Wandope,34B,2372,"Sim,Hew,N,W, B,Sy,Fel",773.9,NY188197,30.5,54.566272,-3.257089,1,0,318818,519732
2395,Hopegill Head,34B,2386,"Sim,Hew,N,sHu, W,B,Sy,Fel",770,NY185221,97,54.588082,-3.26166,1,0,318566,522164
2396,High Raise [High Raise (High White Stones)],34B,,"Ma,Sim,Hew,N, W,B,Sy,Fel",762,NY280095,283,54.475962,-3.111268,1,0,328088,509525
2397,Slight Side,34B,2359,"W,B,Sy,Fel, xN",762,NY209050,14,54.434392,-3.219575,1,0,320989,505016
2399,Red Pike (Buttermere),34B,2381,"Sim,Hew,N,W, B,Sy,Fel",755.3,NY160154,41.3,54.527438,-3.298545,1,0,316058,515460
2400,Dale Head,34B,,"Ma,Sim,Hew,N, W,B,Sy,Fel",753,NY222153,397,54.527238,-3.202284,1,0,322287,515327
2401,High Crag (Buttermere),34B,2381,"Sim,Hew,N,W, B,Sy,Fel",744,NY180139,35,54.514628,-3.267412,1,0,318047,513998
2405,Robinson,34B,,"Ma,Sim,Hew,N, W,B,Sy,Fel",737,NY201168,161,54.540812,-3.235082,1,0,320191,516874
2406,Harrison Stickle,34B,2396,"Sim,Hew,N,W, B,Sy,Fel",736,NY281074,53,54.456898,-3.109455,1,0,328172,507402
2407,Sergeant Man,34B,2396,"W,B,Sy,Fel, xN",736,NY286088,12,54.470362,-3.102552,1,0,328643,508893
2411,Hindscarth,34B,2400,"Sim,Hew,N,W, B,Sy,Fel",727,NY215165,71,54.537828,-3.213755,1,0,321565,516518
2412,Ullscarf,34B,2396,"Hu,Sim,Hew,N, W,B,Sy,Fel",726,NY291121,118,54.499923,-3.095518,1,0,329150,512175
2413,Thunacar Knott,34B,2396,"N,sSim,W,B, Sy,Fel",723,NY279079,27,54.462189,-3.112653,1,0,327974,507994
2416,Brandreth,34B,2367,"Sim,Hew,N,W, B,Sy,Fel",715,NY214119,61,54.496479,-3.214274,1,0,321452,511918
2417,Pike of Stickle,34B,2396,"Sim,Hew,N,W, B,Sy,Fel",708.4,NY273073,53,54.456393,-3.121381,1,0,327398,507358
2418,Whiteside [Whiteside West Top],34B,2386,"N,W,B,Sy, Fel",707,NY170219,18,54.585912,-3.285161,1,0,317043,521950
2419,Pike of Blisco,34B,,"Ma,Sim,Hew,N, W,B,Sy,Fel",705,NY271042,177,54.428111,-3.124925,1,0,327118,504214
2422,Cold Pike,34B,2359,"Sim,Hew,N,W, B,Sy,Fel",701,NY262036,46,54.4226,-3.137582,1,0,326287,503615
2423,Pavey Ark,34B,2396,"N,W,B,Sy, Fel",700,NY284079,15,54.461494,-3.105214,1,0,328455,507909
2424,Grey Knotts,34B,2367,"N,W,B,Sy, Fel",697,NY217125,16,54.502362,-3.210186,1,0,321728,512568
2425,Caw Fell,34B,2368,"N,sSim,W,B, Sy,Fel",697,NY132109,22,54.486868,-3.341256,1,0,313208,510998
2427,Seatallan,34B,,"Ma,Sim,Hew,N, W,B,Sy,Fel",692,NY140084,193,54.464065,-3.328274,1,0,314001,508445
2430,Loft Crag,34B,2396,"N,sSim,W,B, Sy,Fel",681.7,NY277071,23.6,54.454429,-3.115991,1,0,327743,507134
2432,Scar Crags,34B,2372,"Sim,Hew,N,W, B,Sy,Fel",672,NY208206,55,54.574968,-3.225966,1,0,320847,520664
2434,Whiteless Pike,34B,2372,"Sim,Hew,N,W, B,Sy,Fel",660,NY180189,36.2,54.559367,-3.26931,1,0,318014,518978
2436,High Spy,34B,2400,"Hu,Sim,Hew,N, sMa,W,B,Sy",653.1,NY234162,147.8,54.535559,-3.185141,1,0,323412,516234
2437,Rossett Pike,34B,2359,"Sim,Hew,N,W, B,Sy,Fel",651,NY249075,40,54.457935,-3.159804,1,0,324909,507570
2438,Fleetwith Pike,34B,2367,"Hu,Sim,Hew,N, W,B,Sy,Fel",648.9,NY205141,118.4,54.516562,-3.22818,1,0,320591,514168
2439,Base Brown,34B,2367,"Sim,Hew,N,W, B,Sy,Fel",646,NY225114,38,54.492581,-3.197762,1,0,322514,511466
2442,Causey Pike,34B,2372,"Sim,Hew,N,W, B,Sy,Fel",637,NY218208,40,54.576817,-3.210133,1,0,321874,520852
2445,Starling Dodd,34B,2381,"Sim,Hew,N,W, B,Sy,Fel",633,NY142157,73,54.529725,-3.327207,1,0,314208,515749
2450,Yewbarrow,34B,2368,"Hu,Sim,Hew,N, sMa,W,B,Sy",627,NY173084,142,54.464889,-3.27686,1,0,317335,508475
2451,Great Borne,34B,2381,"Hu,Sim,Hew,N, W,B,Sy,Fel",616,NY123163,113,54.534903,-3.355442,1,0,312392,516360
2454,Illgill Head,34B,,"Ma,Sim,Dew,W, B,Sy,Fel",608.8,NY168049,314,54.43293,-3.282634,1,0,316896,504926
2455,High Seat,34B,2396,"Hu,Sim,Dew,W, B,Sy,Fel",608,NY287180,136,54.552632,-3.103765,1,0,328708,518048
2456,Seathwaite Fell (Wainwright summit),34B,2359,"W,B,Sy,Fel",601,NY229101,12,54.481131,-3.191438,1,0,322902,510185
2457,Haystacks (Buttermere),34B,2367,"5,Dew,W,B, Sy,Fel",597,NY193131,78,54.507243,-3.247321,1,0,319333,513153
2458,Bleaberry Fell,34B,2396,"5,Dew,W,B, Sy,Fel",590,NY285195,42,54.56637,-3.106177,1,0,328576,519579
2459,Middle Fell,34B,2427,"Hu,5,Dew,W, B,Sy,Fel",582,NY150072,117,54.453249,-3.311327,1,0,315077,507221
2460,Ard Crags,34B,2372,"Hu,5,Dew,W, B,Sy,Fel",581,NY206197,116,54.566938,-3.228123,1,0,320692,519773
2461,Maiden Moor,34B,2400,"W,B,Sy,Fel",575,NY236181,10,54.553174,-3.181585,1,0,323675,518190
2462,Blake Fell,34B,,"Ma,5,Dew,W, B,Sy,Fel",573,NY110196,164,54.564569,-3.377198,1,0,311049,519688
2463,Sergeant's Crag,34B,2396,"5,Dew,W,B, Sy,Fel",571,NY273113,45,54.492531,-3.122463,1,0,327392,511380
2464,Outerside,34B,2372,"5,Dew,W,B, Sy,Fel",568,NY211214,74,54.582169,-3.222159,1,0,321107,521461
2465,Knott Rigg,34B,2372,"5,Dew,W,B, Sy,Fel",556,NY197188,53,54.558701,-3.242613,1,0,319739,518873
2466,Steel Fell [Dead Pike - Steel Fell],34B,2396,"5,Dew,W,B, Sy,Fel",553,NY319111,80,54.49115,-3.052179,1,0,331942,511156
2467,Rosthwaite Fell - Bessyboot,34B,2359,"5,Dew,W,B, Sy,Fel",551,NY258124,45,54.502198,-3.14685,1,0,325829,512481
2468,Tarn Crag (Easedale),34B,2396,"W,B,Sy,Fel",549,NY303093,4,54.474295,-3.076006,1,0,330370,509304
2469,Hard Knott,34B,,"Ma,5,Dew,W, B,Sy,Fel",549,NY231023,154,54.411026,-3.185029,1,0,323186,502378
2470,Blea Rigg,34B,2396,"W,B,Sy,Fel",541,NY301078,11,54.461076,-3.078806,1,0,330166,507836
2471,Lank Rigg,34B,2368,"Hu,5,Dew,W, B,Sy,Fel",541,NY091119,111,54.494811,-3.403973,1,0,309163,511961
2472,Calf Crag,34B,2396,"5,Dew,W,B, Sy,Fel",537,NY301104,50,54.484231,-3.079493,1,0,330161,510413
2473,Whin Rigg (Wasdale),34B,2454,"5,Dew,W,B, Sy,Fel",537,NY151035,61,54.420162,-3.309916,1,0,315100,503538
2474,Gavel Fell,34B,2462,"5,Dew,W,B, Sy,Fel",526,NY116183,75,54.552984,-3.366804,1,0,311696,518386
2475,Eagle Crag,34B,2396,"s5,W,B,Sy, Fel",525,NY275121,27,54.499056,-3.12048,1,0,327532,512104
2476,Crag Fell,34B,2368,"Hu,5,Dew,W, B,Sy,Fel",523,NY097143,114,54.516717,-3.396073,1,0,309723,514388
2477,Whinlatter [Brown How - Whinlatter],34A,2345,"W,B,Sy,Fel",517,NY191251,16,54.614855,-3.254033,1,0,319112,525134
2478,High Tove,34B,2396,"W,B,Sy,Fel",515,NY289165,16,54.53886,-3.100209,1,0,328914,516512
2479,Mellbreak [Mellbreak South Top],34B,,"Ma,5,Dew,W, B,Sy,Fel",512,NY148186,260,54.555581,-3.318258,1,0,314841,518615
2480,Broom Fell,34A,2345,"s5,W,B,Sy, Fel",511,NY194271,27,54.633407,-3.249491,1,0,319442,527193
2481,Hen Comb,34B,2462,"Hu,5,Dew,sMa, W,B,Sy,Fel",509,NY132181,140,54.550848,-3.343261,1,0,313214,518119
2482,Grike,34B,2368,"4,W,B,Sy, Fel",488,NY084140,37,54.513766,-3.41488,1,0,308499,514084
2483,Armboth Fell,34B,2396,W,475,NY295157,6,54.532026,-3.089686,1,0,329583,515741
2484,Burnbank Fell,34B,2462,"W,B,Sy",475,NY110209,22,54.575943,-3.37834,1,0,311000,520955
2485,Lingmoor Fell [Lingmoor Fell - Brown How],34B,,"Ma,4,W,B, Sy,Fel",470,NY302046,248,54.432067,-3.07641,1,0,330272,504605
2486,Barf,34A,2345,"4,W,B,Sy, Fel",469,NY214267,38,54.629665,-3.218084,1,0,321462,526741
2487,Raven Crag,34B,2396,"4,W,B,Sy, Fel",461,NY303187,44,54.559231,-3.07872,1,0,330339,518757
2488,Barrow,34B,2372,"4,W,B,Sy, Fel",455,NY227218,71,54.58566,-3.19752,1,0,322706,521822
2489,Graystones,34A,2345,W,452,NY176266,11,54.627991,-3.277642,1,0,317614,526623
2490,Catbells,34B,2400,"4,W,B,Sy, Fel",451,NY244198,87,54.568316,-3.1707,1,0,324408,519863
2491,Great Crag (Stonethwaite),34B,2396,"4,W,B,Sy, Fel",449,NY270146,32,54.522189,-3.129333,1,0,327000,514687
2493,Low Fell,34B,,"Ma,4,W,B, Sy,Fel",423,NY137226,266,54.591358,-3.336608,1,0,313730,522618
2494,Gibson Knott,34B,2396,"W,B,Sy,Fel",420,NY316100,10,54.48107,-3.055825,1,0,331689,510038
2495,Fellbarrow - Mosser Fell,34B,2493,"4,W,B,Sy, Fel",416,NY132242,51.6,54.60582,-3.344699,1,0,313238,524237
2496,Grange Fell [Brund Fell],34B,2396,"4,W,B,Sy, Fel",417.2,NY264162,42.2,54.536408,-3.137963,1,0,326467,516278
2497,Buckbarrow,34B,2427,"W,B,Sy,Fel",423,NY135061,4,54.443165,-3.334275,1,0,313568,506127
2498,Helm Crag,34B,2396,"4,W,B,Sy, Fel",405,NY326093,70,54.475026,-3.040823,1,0,332651,509351
2499,Silver How,34B,2396,"3,W,B,Sy, Fel",395,NY324066,31,54.450696,-3.04289,1,0,332477,506646
2500,Walla Crag,34B,2396,"W,B,Sy,Fel",379,NY276212,24,54.581608,-3.120377,1,0,327685,521289
2501,Ling Fell,34A,2345,"3,sHu,W,B, Sy,Fel",373,NY179285,97,54.645249,-3.272325,1,0,317992,528537
2502,Rannerdale Knotts,34B,2372,"3,W,B,Sy, Fel",355,NY167182,66,54.552643,-3.289032,1,0,316725,518253
2503,Sale Fell,34A,2345,"Hu,3,W,B, Sy,Fel",359,NY194296,137,54.655627,-3.250157,1,0,319443,529666
2505,Dent,34B,2504,WO,346,NY037130,6,54.503594,-3.488027,0,1,303740,513050
2506,Boat How,34B,2454,"3,WO,B,Sy, Fel",337,NY177034,79,54.419381,-3.26945,0,1,317724,503403
2507,Loughrigg Fell,34B,,"Ma,3,W,B, Sy,Fel",335,NY346051,172,54.437454,-3.008355,1,0,334695,505140
2508,Black Fell,34D,2667,"Hu,3,W,B, Sy,Fel",323,NY340015,126,54.405503,-3.017955,1,0,334021,501593
2509,Ponsonby Fell,34B,2368,"3,WO,B,Sy",315,NY081070,34,54.450353,-3.417366,0,1,308196,507032
2510,Castle Crag,34B,2400,"2,W,Sy,Fel",290,NY249159,75,54.533181,-3.161612,1,0,324930,515944
2511,Cold Fell,34B,2368,"2,WO",293,NY058092,83,54.469439,-3.454829,0,1,305811,509205
2512,Flat Fell,34B,2368,"2,WO",272,NY052137,74,54.509889,-3.464963,0,1,305248,513719
2514,Irton Pike,34B,2454,WO,229,NY120015,25,54.401785,-3.356009,0,1,312070,501550
2515,Helvellyn,34C,,"Ma,F,Sim,Hew, N,W,B,Sy",949.8,NY342151,713.4,54.527001,-3.017514,1,0,334245,515112
2517,Nethermost Pike,34C,2515,"N,sSim,W,B, Sy,Fel",891.3,NY343142,29.1,54.518993,-3.015446,1,0,334366,514219
2518,Catstye Cam,34C,2515,"Sim,Hew,N,W, B,Sy,Fel",889.6,NY348158,62.4,54.533472,-3.008944,1,0,334810,515824
2520,Raise,34C,2515,"Sim,Hew,N,sHu, W,B,Sy,Fel",882.7,NY342174,91.6,54.547718,-3.017473,1,0,334281,517417
2521,Fairfield,34C,,"Ma,Sim,Hew,N, W,B,Sy,Fel",873.3,NY358117,300.3,54.497054,-2.991648,1,0,335872,511756
2523,White Side,34C,2515,"Sim,Hew,N,W, B,Sy,Fel",863.2,NY337166,43.1,54.540904,-3.025048,1,0,333780,516666
2524,Dollywaggon Pike,34C,2515,"Sim,Hew,N,W, B,Sy,Fel",858.5,NY346130,50.3,54.508693,-3.011175,1,0,334626,513069
2525,Great Dodd,34C,2515,"Hu,Sim,Hew,N, W,B,Sy,Fel",857,NY342205,109,54.575689,-3.019377,1,0,334203,520531
2526,Stybarrow Dodd,34C,2515,"Sim,Hew,N,W, B,Sy,Fel",843.7,NY343189,68.9,54.561137,-3.017405,1,0,334307,518910
2527,St Sunday Crag,34C,,"Ma,Sim,Hew,N, W,B,Sy,Fel",841.2,NY369133,160.5,54.51194,-2.975836,1,0,336919,513398
2528,High Street,34C,,"Ma,Sim,Hew,N, W,B,Sy,Fel",828,NY440110,373,54.491691,-2.86486,1,0,344076,511051
2529,Hart Crag,34C,2521,"Sim,Hew,N,W, B,Sy,Fel",823.1,NY368112,51.2,54.492752,-2.976954,1,0,336817,511264
2530,High Raise (High Street),34C,2528,"Sim,Hew,N,W, B,Sy,Fel",802,NY448134,88,54.513367,-2.853779,1,0,344823,513454
2532,Rampsgill Head,34C,2528,"Sim,Hew,N,W, B,Sy,Fel",792,NY443128,41,54.508092,-2.861252,1,0,344332,512873
2533,Dove Crag,34C,2521,"Sim,Hew,N,W, B,Sy,Fel",792,NY374104,50,54.4854,-2.96693,1,0,337455,510437
2534,Watson's Dodd,34C,2515,"W,B,Sy,Fel",789,NY335195,11,54.566917,-3.028995,1,0,333567,519564
2535,Thornthwaite Crag,34C,2528,"Sim,Hew,N,W, B,Sy,Fel",784,NY431100,31,54.482611,-2.878976,1,0,343149,510052
2536,Kidsty Pike,34C,2528,"N,W,B,Sy, Fel",780,NY447125,15,54.505513,-2.854959,1,0,344736,512581
2537,Harter Fell (Mardale),34C,2528,"Hu,Sim,Hew,N, sMa,W,B,Sy",779,NY459093,149.2,54.476414,-2.835323,1,0,345969,509328
2538,Red Screes,34C,,"Ma,Sim,Hew,N, W,B,Sy,Fel",776,NY396087,260,54.47058,-2.932572,1,0,339659,508758
2539,Great Rigg,34C,2521,"Sim,Hew,N,W, B,Sy,Fel",766.1,NY355104,31,54.484906,-2.995676,1,0,335592,510408
2540,Stony Cove Pike [Caudale Moor],34C,,"Ma,Sim,Hew,N, W,B,Sy,Fel",763,NY417100,171,54.48206,-2.90008,1,0,341781,510008
2541,Mardale Ill Bell,34C,2528,"W,B,Sy,Fel, xN",760,NY447101,10,54.483418,-2.854112,1,0,344761,510122
2542,Ill Bell,34C,2528,"Hu,Sim,Hew,N, W,B,Sy,Fel",757,NY436077,124,54.462017,-2.870837,1,0,343648,507754
2543,Hart Side,34C,2515,"N,sSim,W,B, Sy,Fel",756,NY359197,23,54.568719,-2.992938,1,0,335901,519731
2544,The Knott (High Street),34C,2528,"W,B,Sy,xN",739,NY437126,13,54.506316,-2.870821,1,0,343710,512683
2545,Seat Sandal,34C,,"Ma,Sim,Hew,N, W,B,Sy,Fel",736.8,NY344115,151.9,54.494857,-3.014027,1,0,334419,511532
2546,Kentmere Pike,34C,2528,"Sim,Hew,N,W, B,Sy,Fel",730,NY465077,39,54.462673,-2.826033,1,0,346553,507792
2547,Clough Head,34C,2515,"Hu,Sim,Hew,N, W,B,Sy,Fel",726,NY333225,108,54.593661,-3.032362,1,0,333393,522543
2548,Froswick,34C,2528,"Sim,Hew,N,W, B,Sy,Fel",720,NY435085,75,54.468949,-2.872959,1,0,343520,508527
2549,Birkhouse Moor,34C,2515,"N,sSim,W,B, Sy,Fel",717.6,NY363159,22.3,54.535033,-2.98532,1,0,336341,515976
2550,Branstree,34C,2528,"Hu,Sim,Hew,N, W,B,Sy,Fel",713,NY478099,137,54.482402,-2.807168,1,0,347801,509973
2551,Yoke,34C,2528,"Sim,Hew,N,W, B,Sy,Fel",706,NY437067,38,54.452928,-2.868716,1,0,343773,506741
2552,Gray Crag,34C,2528,"N,W,B,Sy, Fel",699,NY427117,16,54.497475,-2.885379,1,0,342755,511711
2553,Rest Dodd,34C,2528,"Hu,Sim,Hew,N, W,B,Sy,Fel",696,NY432136,111,54.514937,-2.878033,1,0,343255,513648
2554,Sheffield Pike,34C,2515,"Sim,Hew,N,sHu, W,B,Sy,Fel",676.1,NY369181,93,54.554936,-2.977002,1,0,336910,518183
2556,Loadpot Hill,34C,2528,"Sim,Hew,N,W, B,Sy,Fel",672,NY456180,49,54.554737,-2.842087,1,0,345635,518048
2557,Wether Hill,34C,2528,"W,B,Sy,Fel, xN",671,NY455167,5,54.543239,-2.842453,1,0,345596,516769
2559,Tarn Crag (Sleddale),34C,,"Ma,Sim,Hew,N, W,B,Sy,Fel",664,NY488078,160,54.463458,-2.790658,1,0,348847,507853
2561,Place Fell,34C,,"Ma,Sim,Hew,N, W,B,Sy,Fel",657,NY405169,262,54.544269,-2.920741,1,0,340533,516947
2562,High Pike (Scandale),34C,2521,"W,B,Sy,Fel",656,NY374088,6,54.470976,-2.966791,1,0,337442,508832
2563,Selside Pike,34C,2528,"Sim,Hew,N,W, B,Sy,Fel",655,NY490111,36,54.49308,-2.787925,1,0,349061,511147
2564,Middle Dodd,34C,2538,"W,B,Sy,Fel",654,NY397095,14,54.477939,-2.931566,1,0,339735,509576
2565,Grey Crag [Sleddale Fell],34C,2559,"Sim,Hew,N,W, B,Sy,Fel",638,NY497072,41,54.457874,-2.777191,1,0,349713,507221
2566,Little Hart Crag [Little Hart Crag - West Top],34C,2521,"Sim,Hew,N,W, B,Sy,Fel",637,NY387100,34,54.481916,-2.947169,1,0,338730,510032
2570,Birks,34C,2527,"N,sSim,W,B, Sy,Fel",624,NY380143,20.3,54.520711,-2.959051,1,0,338019,514359
2572,Hartsop Dodd,34C,2540,"N,sSim,W,B, Sy,Fel",618,NY411118,24,54.498538,-2.910448,1,0,341133,511850
2573,Heron Pike (Rydal),34C,2521,"N,sSim,W,B, Sy",612,NY355083,21,54.466072,-2.995126,1,0,335598,508312
2574,Shipman Knotts,34C,2528,"W,B,Sy,Fel",587,NY472062,11,54.448577,-2.814707,1,0,347269,506215
2575,Great Yarlside,34C,2559,"WO,B",591,NY525075,6,54.461514,-2.734065,0,1,352513,507597
2576,Howes,34C,2528,WO,583,NY498103,3,54.486263,-2.776063,0,1,349821,510380
2577,The Nab,34C,2528,"5,Dew,W,B, Sy",576,NY434151,61,54.528893,-2.875675,1,0,343427,515199
2578,Hartsop Above How [Gill Crag - Hartsop Above How],34C,2521,"s5,W,B,Sy, Fel",584,NY383120,27,54.499595,-2.953939,1,0,338318,512005
2579,Angletarn Pikes [Angletarn Pikes North Top],34C,2528,"5,Dew,W,B, Sy,Fel",567,NY413148,78,54.525312,-2.907999,1,0,341330,514827
2580,Great Saddle Crag,34C,2559,"WO,B,Sy",560,NY526086,2,54.471093,-2.732755,0,1,352609,508661
2581,Wasdale Pike,34C,2559,"WO,B,Sy",565,NY536084,5,54.469706,-2.716868,0,1,353637,508497
2582,Brock Crags (Wainwright),34C,2528,"W,B,Sy,Fel",561.2,NY416136,9.9,54.514891,-2.902593,1,0,341665,513663
2583,Great Mell Fell,34C,,"Ma,5,Dew,W, B,Sy,Fel",537,NY396253,198,54.619846,-2.935641,1,0,339681,525369
2584,Arthur's Pike,34C,2528,"W,B,Sy,Fel",533,NY460206,4,54.578426,-2.835799,1,0,346073,520679
2585,High Wether Howe,34C,2559,"5,Dew,WO,B, Sy",531,NY514109,66,54.491324,-2.750299,0,1,351496,510925
2586,White Howe (Bannisdale),34C,2559,"5,Dew,WO,B, Sy",530,NY523041,73,54.430964,-2.735831,0,1,352363,504198
2587,Lord's Seat (Crookdale) [Lord's Seat - High House Fell],34C,2559,"5,Dew,WO,B, Sy",524,NY518066,36,54.452626,-2.744224,0,1,351844,506614
2588,Bonscale Pike,34C,2528,"W,B,Sy,Fel",524,NY453200,1,54.573028,-2.846935,1,0,345346,520087
2589,High Hartsop Dodd,34C,2521,"W,B,Sy,Fel",519,NY393107,3,54.488614,-2.93769,1,0,339354,510769
2590,Sallows,34C,2528,"5,Dew,W,B, Sy,Fel",516,NY436039,69,54.428122,-2.869995,1,0,343656,503981
2591,Little Yarlside,34C,2559,"WO,B,Sy",518,NY530071,11,54.457704,-2.724988,0,1,353097,507166
2592,Seat Robert,34C,2559,"5,Dew,WO,B, Sy",515,NY526114,30,54.495755,-2.732702,0,1,352641,511406
2593,Capplebarrow,34C,2559,"s5,WO,B,Sy",513,NY508035,22,54.424929,-2.759814,0,1,350800,503543
2594,Fewling Stones,34C,2559,"WO,Sy",509,NY513117,12,54.498962,-2.753358,0,1,351307,511777
2595,Beda Fell [Beda Head],34C,2528,"5,Dew,W,B, Sy,Fel",509,NY428171,61,54.54649,-2.884399,1,0,342887,517164
2596,Low Pike,34C,2521,"W,B,Sy,Fel",508,NY373078,18,54.462069,-2.967985,1,0,337351,507842
2597,Sleddale Pike,34C,2559,"WO,B,Sy",506,NY535094,6,54.478055,-2.718418,0,1,353546,509427
2598,Little Mell Fell,34C,,"Ma,5,Dew,W, B,Sy,Fel",505,NY423240,226,54.608024,-2.894465,1,0,342323,524019
2599,Hare Shaw,34C,2528,"WO,B,Sy",503,NY497131,13,54.511158,-2.777492,0,1,349759,513151
2600,Ulthwaite Rigg,34C,2559,"WO,B,Sy",502,NY514093,2,54.477033,-2.750562,0,1,351462,509335
2601,Stone Arthur,34C,2521,"W,B,Sy,Fel",504,NY347092,3,54.474276,-3.008366,1,0,334753,509237
2602,High House Bank,34C,2559,"4,WO,B,Sy",495,NY543048,80,54.436904,-2.705888,0,1,354312,504839
2604,Robin Hood,34C,2559,"4,WO,B,Sy",493,NY530058,30,54.446034,-2.725722,0,1,353036,505868
2605,Bannisdale Fell - Long Crag,34C,2559,"4,WO,B,Sy",493,NY515052,32,54.440381,-2.747857,0,1,351594,505254
2606,Nabs Moor,34C,2528,WO,493,NY503111,2,54.49283,-2.768174,0,1,350340,511105
2607,Baystones [Wansfell],34C,2540,"Hu,4,sMa,W, Fel",486.9,NY403051,147.7,54.438194,-2.921751,1,0,340313,505145
2608,Whatshaw Common,34C,2559,"4,WO,B,Sy",490,NY541061,71,54.449079,-2.707917,0,1,354194,506196
2609,Sour Howes,34C,2528,"4,W,B,Sy",483,NY427032,35,54.421166,-2.883579,1,0,342765,503218
2610,Gowbarrow Fell (Wainwright summit),34C,2598,"W,B,Sy,Fel",481.2,NY407218,9,54.58811,-2.918201,1,0,340761,521823
2611,Nab Scar,34C,2521,"W,B,Sy,Fel",450,NY355072,2,54.456414,-2.995833,1,0,335537,507238
2612,Glenridding Dodd,34C,2515,"4,W,B,Sy, Fel",442,NY380175,45,54.54947,-2.959246,1,0,338050,517559
2613,Great Ladstones,34C,2559,"WO,Sy",440,NY532123,1,54.504435,-2.724116,0,1,353207,512366
2614,Arnison Crag,34C,2527,"4,W,B,Sy, Fel",433,NY393149,32,54.526364,-2.938524,1,0,339356,514970
2615,Steel Knotts [Pikeawassa - Steel Knotts],34C,2528,"4,W,B,Sy, Fel",432,NY440181,51,54.555245,-2.866807,1,0,344037,518124
2616,Brunt Knott,34C,2528,"WO,B,Sy",427,NY484006,21,54.398481,-2.795661,0,1,348441,500626
2617,Hollow Moor [Green Quarter Fell],34C,2528,"4,WO,B,Sy",426,NY469040,78,54.428986,-2.819729,0,1,346918,504038
2618,Harper Hills,34C,2528,"WO,B,Sy",414,NY509142,5,54.521079,-2.759373,0,1,350944,514242
2619,Hugh's Laithes Pike,34C,2528,"WO,Sy",419,NY502151,6,54.529284,-2.770806,0,1,350214,515163
2620,Todd Fell,34C,2559,"WO,B,Sy",401,NY512020,20,54.411634,-2.753019,0,1,351225,502059
2621,Langhowe Pike,34C,2559,WO,401,NY528134,6,54.514402,-2.730008,0,1,352837,513479
2622,Whiteside Pike,34C,2559,"3,WO,B,Sy",397,NY520015,47,54.406817,-2.739882,0,1,352072,501514
2623,Hallin Fell,34C,,"Ma,3,W,B, Sy,Fel",388,NY433198,163,54.570412,-2.878498,1,0,343302,519821
2624,Heughscar Hill,34C,2528,"3,WO,B,Sy",375,NY488231,48,54.601058,-2.794049,0,1,348800,523166
2625,Lamb Pasture,34C,2559,"WO,B,Sy",367,NY534020,29,54.412202,-2.718746,0,1,353450,502099
2626,Troutbeck Tongue,34C,2528,"3,W,B,Sy, Fel",364,NY422064,73,54.449952,-2.892312,1,0,342239,506429
2627,High Rigg [Naddle Fell],34C,,"Ma,3,W,B, Sy,Fel",357,NY308219,189,54.588432,-3.071568,1,0,330851,521999
2628,Knipescar Common [Knipe Scar],34C,2559,"WO,B,Sy",342,NY526191,8,54.565069,-2.733557,0,1,352666,519119
2629,Scalebarrow Knott,34C,2528,"WO,B,Sy",338,NY519153,9,54.530821,-2.743482,0,1,351984,515315
2630,High Knott,34C,2528,"2,WO",275,NY454001,56,54.393719,-2.841928,0,1,345431,500131
2631,Hugill Fell (Wainwright summit),34C,2528,WO,265,SD462994,11,54.387397,-2.829526,0,1,346228,499418
2632,Reston Scar,34C,2528,WO,255,SD460987,20,54.381758,-2.832692,0,1,346015,498793
2633,Grandsire,34D,2528,"2,WO",251,SD432972,80,54.367856,-2.875508,0,1,343215,497280
2634,The Old Man of Coniston [Coniston Old Man],34D,,"Ma,Sim,Hew,N, W,B,Sy,Fel",802.4,SD272978,415,54.370658,-3.121445,1,0,327241,497818
2635,Swirl How,34D,2634,"Hu,Sim,Hew,N, W,B,Sy,Fel",802.4,NY272005,120,54.395239,-3.12153,1,0,327280,500553
2636,Brim Fell,34D,2634,"N,sSim,W,B, Sy,Fel",796,SD270985,21,54.377283,-3.124197,1,0,327074,498558
2637,Great Carrs,34D,2634,"N,sSim,W,B, Sy,Fel",785,NY270009,20,54.398777,-3.124738,1,0,327078,500950
2638,Dow Crag,34D,2634,"Hu,Sim,Hew,N, W,B,Sy,Fel",778,SD262977,129,54.3703,-3.136659,1,0,326252,497794
2639,Grey Friar,34D,2634,"Sim,Hew,N,W, B,Sy,Fel",773,NY260003,78,54.393339,-3.141054,1,0,326008,500362
2640,Wetherlam,34D,2634,"Hu,Sim,Hew,N, sMa,W,B,Sy",763,NY288011,145,54.400488,-3.097966,1,0,328819,501113
2643,Harter Fell (Eskdale),34D,,"Ma,Sim,Hew,N, W,B,Sy,Fel",654,SD218997,276,54.386898,-3.204538,1,0,321874,499714
2644,Walna Scar,34D,2634,"N,WO,B,Sy, Fel",621,SD257963,16,54.357173,-3.143745,0,1,325768,496341
2646,Black Combe,34D,,"Ma,Sim,Dew,WO, B,Sy,Fel",600,SD135854,362,54.257759,-3.328573,0,1,313549,485491
2647,Whitfell,34D,,"Ma,5,Dew,WO, B,Sy,Fel",573,SD158929,221,54.325473,-3.294896,0,1,315881,492984
2648,Buck Barrow,34D,2647,"5,Dew,WO,B, Sy,Fel",549,SD151910,72,54.307983,-3.304845,0,1,315198,491050
2649,Burn Moor,34D,2647,"s5,WO,B,Sy",543,SD151924,23,54.320448,-3.305793,0,1,315162,492438
2650,Kinmont Buck Barrow,34D,2647,"s5,WO,B,Sy",535,SD146909,25,54.307196,-3.312812,0,1,314678,490972
2651,Caw,34D,2634,"Hu,5,Dew,WO, B,Sy,Fel",529,SD230944,132,54.339804,-3.18521,0,1,323041,494453
2652,Stainton Pike,34D,2647,"s4,WO,B,Sy, Fel",498,SD152942,20,54.336889,-3.304822,0,1,315259,494266
2653,Yoadcastle,34D,2647,"4,WO,B,Sy, Fel",494,SD156952,57,54.345757,-3.298456,0,1,315691,495245
2654,Woodend Height,34D,2647,"WO,B,Sy",489,SD156954,14,54.34757,-3.298714,0,1,315678,495447
2655,Green Crag,34D,2643,"Hu,4,sMa,W, B,Sy,Fel",488.7,SD200982,144,54.373688,-3.232801,1,0,320013,498276
2656,Hesk Fell,34D,2647,"Hu,4,WO,B, Sy,Fel",477,SD176946,100,54.340904,-3.268861,0,1,317605,494670
2657,Stoupdale Head,34D,2646,"WO,B,Sy",472,SD151873,26,54.274919,-3.304568,0,1,315148,487371
2658,Pikes,34D,2634,"4,WO,B,Sy",469,SD237947,41,54.342544,-3.174305,0,1,323755,494746
2659,White Pike (Birkby Fell),34D,2647,"WO,B,Sy",442,SD150956,17,54.349175,-3.308257,0,1,315061,495637
2660,Great Worm Crag,34D,2643,"4,WO,B,Sy, Fel",427,SD194968,34,54.361004,-3.241809,0,1,319403,496875
2661,Green Pikes,34D,2634,WO,420,SD236950,4,54.345625,-3.176362,0,1,323627,495091
2662,White Combe,34D,2646,"WO,B",417,SD154862,4,54.265211,-3.299593,0,1,315452,486285
2663,Stickle Pike,34D,2634,"Hu,3,WO,B, Sy,Fel",375,SD212927,116,54.324643,-3.213066,0,1,321201,492797
2664,The Pike,34D,2647,"3,WO,B,Sy",370,SD186934,73,54.329758,-3.252601,0,1,318640,493411
2669,Ulgraves,34C,2528,"3,WO,Sy",333,SD511995,31,54.389498,-2.754493,0,1,351103,499597
2670,The Knott (Stainton Fell),34D,2647,"WO,B,Sy",331,SD143951,17,54.344701,-3.318807,0,1,314366,495152
2671,Gummer's How,34D,,"Ma,3,WO,B, Sy",321,SD390884,217,54.288359,-2.937913,0,1,339043,488487
2672,Rough Crag (Birker Moor),34D,2647,"3,WO,B,Sy",319,SD161977,70,54.368414,-3.292752,0,1,316108,497759
2673,Holme Fell,34D,,"Ma,3,W,B, Sy,Fel",317,NY315006,165,54.396301,-3.056527,1,0,331502,500606
2674,Carron Crag,34D,2667,"3,WO,B,Sy",314,SD325943,66,54.340115,-3.039304,0,1,332528,494338
2675,Tarn Hill,34D,2634,"3,WO,B,Sy",313,SD209920,32,54.318332,-3.216755,0,1,320949,492099
2676,Seat How (Birker Moor),34D,2647,"3,WO,B,Sy",311,SD165971,58,54.362647,-3.285784,0,1,316549,497109
2677,Water Crag,34D,2647,"3,WO,B,Sy",305,SD153974,36,54.36577,-3.303798,0,1,315385,497478
2678,Great Stickle,34D,2634,"WO,B,Sy",305,SD211915,27,54.313856,-3.21318,0,1,321173,491597
2679,Burney,34D,2668,"Hu,2,WO",298,SD260858,111,54.263103,-3.136441,0,1,326074,485867
2680,The Knott,34D,2634,WO,284,SD224919,25,54.31712,-3.19412,0,1,322419,491939
2681,Dunnerdale Fells,34D,2634,WO,280,SD207918,12,54.3163,-3.2204,0,1,320708,491877
2683,Claife Heights,34D,,"Ma,2,WO",270,SD382973,177,54.367856,-2.952654,0,1,338203,497345
2684,Staveley Fell,34D,2671,"2,WO",265,SD389868,42,54.273763,-2.93901,0,1,338950,486864
2685,High Light Haw,34D,2667,WO,263,SD303904,13,54.305117,-3.072126,0,1,330335,490476
2686,Beacon Fell,34D,2668,"Hu,2,WO",255,SD278907,128,54.306877,-3.110996,0,1,327808,490711
2687,Blawith Knott,34D,2668,"2,WO",248,SD260883,88,54.285809,-3.137097,0,1,326072,488394
2688,Low Light Haw,34D,2667,WO,250,SD301900,15,54.301605,-3.074863,0,1,330151,490088
2689,Latterbarrow,34D,2683,"2,WO",244,SD367990,44,54.383382,-2.975833,0,1,336721,499093
2690,Orrest Head,34C,2528,"2,WO",238,SD414993,63,54.386344,-2.903497,0,1,341423,499360
2691,Newton Fell North,34D,2671,WO,237,SD395842,0,54.25069,-2.929845,0,1,339513,484289
2692,Scout Scar (Wainwright summit),34D,2528,WO,233,SD486919,3,54.320834,-2.790765,0,1,348662,491983
2693,School Knott,34D,2528,"2,WO",231.7,SD425974,31.1,54.369057,-2.885831,0,1,342546,497422
2694,Muncaster Fell - Hooker Crag,34D,19242,"2,WO,Fel",231.4,SD112983,30.2,54.372911,-3.368312,0,1,311209,498352
2695,Tottlebank Height,34D,2668,WO,236,SD269885,26,54.287001,-3.124087,0,1,326921,488513
2696,Hampsfell (Wainwright summit),34D,2671,WO,220,SD399793,1,54.206563,-2.922414,0,1,339933,479373
2697,Whitbarrow - Lord's Seat,34D,,"Ma,2,WO",215,SD441870,182,54.275996,-2.858831,0,1,344174,487046
2698,Wool Knott,34D,2668,"2,WO",223,SD272896,53,54.297016,-3.119013,0,1,327269,489622
2699,Cunswick Scar,34D,2528,"2,WO",207,SD491943,37,54.341732,-2.783598,0,1,349154,494303
2700,Yew Bank,34D,2668,WO,207,SD262909,17,54.30891,-3.135013,0,1,326249,490962
2701,Brant Fell,34D,2528,"1,WO",191,SD409961,65,54.357402,-2.909832,0,1,340970,496145
2703,Bigland Barrow,34D,2671,WO,193,SD363839,23,54.247584,-2.978227,0,1,336356,483986
2704,Finsthwaite Heights,34D,2667,WO,180,SD360883,0,54.286973,-2.9832,0,1,336093,488373
2705,Raven's Barrow [Cartmel Fell],34D,2671,WO,152,SD412879,0,54.283606,-2.903459,0,1,341279,487929
2706,Humphrey Head,34D,2671,"0,WO",53,SD390739,46,54.157947,-2.934151,0,1,339096,473974
3322,Caermote Hill,34A,2351,"2,WO",289,NY195371,59,54.722964,-3.249822,0,1,319598,537158
3323,Newton Fell South [Dixon Heights],34D,2671,"1,WO",177,SD413815,37,54.226381,-2.901135,0,1,341349,481560
3324,nameless (Bannisdale Horseshoe - Ancrow Brow N),34C,2559,"WO,Sy",541,NY502059,16,54.446177,-2.767979,0,1,350296,505913
3325,Swinklebank Crag [Ancrow Brow] [nameless (Bannisdale Horseshoe)],34C,2559,"5,Dew,WO,B, Sy",554,NY500049,46,54.437124,-2.771341,0,1,350067,504908
3326,The Forest [Borrowdale Head] [nameless (Bannisdale Horseshoe)],34C,2559,"5,Dew,WO,B, Sy",528,NY527035,40,54.425349,-2.729611,0,1,352760,503569
3327,nameless (Green Quarter) [Hollow Moor East Top],34C,2528,"WO,Sy",413,NY473042,10,54.43099,-2.813094,0,1,347351,504256
3328,Naddle High Forest [nameless (Naddle Horseshoe - 1)],34C,2528,"WO,B,Sy",435,NY492143,28,54.521522,-2.785646,0,1,349244,514310
3329,Wallow Crag [nameless (Naddle Horseshoe - 2)],34C,2528,"WO,B,Sy",433,NY496149,27,54.527178,-2.779542,0,1,349646,514935
3330,nameless (Naddle Horseshoe - 3),34C,2528,"WO,Sy",395,NY505152,7,54.529979,-2.765966,0,1,350528,515237
3331,nameless (Potter Fell - 1) [Brunt Knott South Top],34C,2528,"3,WO,Sy",395,SD489998,32,54.391282,-2.787529,0,1,348960,499819
3332,nameless (Potter Fell - 2) [Potter Fell],34C,2528,"3,WO,Sy",390,NY496003,45,54.396142,-2.776779,0,1,349664,500352
3333,nameless (School Knott),34D,2528,WO,247,SD428967,2,54.362819,-2.881095,0,1,342845,496724
3334,Raven's Crag [nameless (Stickle Pike - Raven's Crag)],34D,2634,"WO,B,Sy",361,SD223929,29,54.325973,-3.195084,0,1,322373,492925
3335,nameless (Top o' Selside - Brock Barrow),34D,2667,WO,221,SD298898,3,54.299097,-3.080022,0,1,329811,489814
3728,High Stile,34B,2381,"W,B",806,NY167147,10,54.521522,-3.287851,1,0,316738,514789
3863,Top o' Selside (Wainwright summit),34D,2667,"WO,B",334,SD308918,5,54.317644,-3.065227,0,1,330805,491863
